{
    "name": "root",
    "gauges": {
        "SaftDistance.Policy.Entropy.mean": {
            "value": 1.582585096359253,
            "min": 1.57144033908844,
            "max": 1.6553972959518433,
            "count": 294
        },
        "SaftDistance.Policy.Entropy.sum": {
            "value": 15977.779296875,
            "min": 14071.3623046875,
            "max": 16878.408203125,
            "count": 294
        },
        "SaftDistance.Step.mean": {
            "value": 4999968.0,
            "min": 2069976.0,
            "max": 4999968.0,
            "count": 294
        },
        "SaftDistance.Step.sum": {
            "value": 4999968.0,
            "min": 2069976.0,
            "max": 4999968.0,
            "count": 294
        },
        "SaftDistance.Policy.ExtrinsicValueEstimate.mean": {
            "value": -0.022706134244799614,
            "min": -0.025047667324543,
            "max": 0.2311934232711792,
            "count": 294
        },
        "SaftDistance.Policy.ExtrinsicValueEstimate.sum": {
            "value": -4.609345436096191,
            "min": -5.009533405303955,
            "max": 46.11500549316406,
            "count": 294
        },
        "SaftDistance.Environment.EpisodeLength.mean": {
            "value": 167.77777777777777,
            "min": 142.97101449275362,
            "max": 199.0,
            "count": 294
        },
        "SaftDistance.Environment.EpisodeLength.sum": {
            "value": 10570.0,
            "min": 6942.0,
            "max": 10840.0,
            "count": 294
        },
        "SaftDistance.Environment.CumulativeReward.mean": {
            "value": -0.16063493031949277,
            "min": -0.4841911873287138,
            "max": 0.6664422902350242,
            "count": 294
        },
        "SaftDistance.Environment.CumulativeReward.sum": {
            "value": -10.120000610128045,
            "min": -32.92500073835254,
            "max": 34.65499909222126,
            "count": 294
        },
        "SaftDistance.Policy.ExtrinsicReward.mean": {
            "value": -0.16063493031949277,
            "min": -0.4841911873287138,
            "max": 0.6664422902350242,
            "count": 294
        },
        "SaftDistance.Policy.ExtrinsicReward.sum": {
            "value": -10.120000610128045,
            "min": -32.92500073835254,
            "max": 34.65499909222126,
            "count": 294
        },
        "SaftDistance.Losses.PolicyLoss.mean": {
            "value": 0.060862828477251316,
            "min": 0.05269131378940585,
            "max": 0.07408628101222861,
            "count": 294
        },
        "SaftDistance.Losses.PolicyLoss.sum": {
            "value": 1.0955309125905237,
            "min": 0.5186039670856003,
            "max": 1.3716157156353197,
            "count": 294
        },
        "SaftDistance.Losses.ValueLoss.mean": {
            "value": 0.016596944150107987,
            "min": 0.000551916730263555,
            "max": 0.03870692544754732,
            "count": 294
        },
        "SaftDistance.Losses.ValueLoss.sum": {
            "value": 0.29874499470194377,
            "min": 0.00662300076316266,
            "max": 0.6967246580558518,
            "count": 294
        },
        "SaftDistance.Policy.LearningRate.mean": {
            "value": 3.02273232608887e-07,
            "min": 3.02273232608887e-07,
            "max": 0.00017601866418426855,
            "count": 294
        },
        "SaftDistance.Policy.LearningRate.sum": {
            "value": 5.440918186959966e-06,
            "min": 5.440918186959966e-06,
            "max": 0.0032660654113118004,
            "count": 294
        },
        "SaftDistance.Policy.Epsilon.mean": {
            "value": 0.10010072444444446,
            "min": 0.10010072444444446,
            "max": 0.15867287428571428,
            "count": 294
        },
        "SaftDistance.Policy.Epsilon.sum": {
            "value": 1.8018130400000003,
            "min": 1.11071012,
            "max": 2.9886882000000004,
            "count": 294
        },
        "SaftDistance.Policy.Beta.mean": {
            "value": 0.005,
            "min": 0.004999999999999999,
            "max": 0.005000000000000001,
            "count": 294
        },
        "SaftDistance.Policy.Beta.sum": {
            "value": 0.09,
            "min": 0.035,
            "max": 0.095,
            "count": 294
        },
        "SaftDistance.IsTraining.mean": {
            "value": 1.0,
            "min": 1.0,
            "max": 1.0,
            "count": 294
        },
        "SaftDistance.IsTraining.sum": {
            "value": 1.0,
            "min": 1.0,
            "max": 1.0,
            "count": 294
        }
    },
    "metadata": {
        "timer_format_version": "0.1.0",
        "start_time_seconds": "1671816930",
        "python_version": "3.9.12 (main, Apr  4 2022, 05:22:27) [MSC v.1916 64 bit (AMD64)]",
        "command_line_arguments": "C:\\Users\\D0650135\\Anaconda3\\Scripts\\mlagents-learn .\\config\\SaftDistance.yaml --run-id=SaftDistance-Test15 --resume",
        "mlagents_version": "0.30.0",
        "mlagents_envs_version": "0.30.0",
        "communication_protocol_version": "1.5.0",
        "pytorch_version": "1.11.0",
        "numpy_version": "1.21.2",
        "end_time_seconds": "1671820115"
    },
    "total": 3184.3168438,
    "count": 1,
    "self": 0.0069615999996130995,
    "children": {
        "run_training.setup": {
            "total": 0.19098900000000008,
            "count": 1,
            "self": 0.19098900000000008
        },
        "TrainerController.start_learning": {
            "total": 3184.1188932,
            "count": 1,
            "self": 3.7476374999737345,
            "children": {
                "TrainerController._reset_env": {
                    "total": 6.8136358,
                    "count": 1,
                    "self": 6.8136358
                },
                "TrainerController.advance": {
                    "total": 3173.4715194000255,
                    "count": 194930,
                    "self": 3.331691100077478,
                    "children": {
                        "env_step": {
                            "total": 2034.4539119000249,
                            "count": 194930,
                            "self": 1726.1261211999054,
                            "children": {
                                "SubprocessEnvManager._take_step": {
                                    "total": 306.25856720004117,
                                    "count": 194932,
                                    "self": 11.000244300059308,
                                    "children": {
                                        "TorchPolicy.evaluate": {
                                            "total": 295.25832289998186,
                                            "count": 184093,
                                            "self": 295.25832289998186
                                        }
                                    }
                                },
                                "workers": {
                                    "total": 2.069223500078488,
                                    "count": 194930,
                                    "self": 0.0,
                                    "children": {
                                        "worker_root": {
                                            "total": 3098.400343100026,
                                            "count": 194930,
                                            "is_parallel": true,
                                            "self": 1661.1813850999904,
                                            "children": {
                                                "steps_from_proto": {
                                                    "total": 0.0010965000000004999,
                                                    "count": 3,
                                                    "is_parallel": true,